<?xml version="1.0" encoding="UTF-8"?>
<metadata xml:lang="en"><Esri><CreaDate>20181002</CreaDate><CreaTime>13320500</CreaTime><ArcGISFormat>1.0</ArcGISFormat><SyncOnce>TRUE</SyncOnce><DataProperties><itemProps><itemLocation><linkage Sync="TRUE">file://\\992692APL237101\D$\Access_project\Results\BestCase\ShapeBestCase\SA_roads5Copy</linkage><protocol Sync="TRUE">Local Area Network</protocol></itemLocation></itemProps><copyHistory><copy source="D:\Access_project\Results\BestCase\ShapeBestCase\SA_roads5" dest="\\992692APL237101\D$\Access_project\Results\BestCase\ShapeBestCase\SA_roads5Copy" date="20181002" time="13320500"></copy></copyHistory></DataProperties></Esri></metadata>
